player,balls_faced,total_runs,fours,sixes,dismissals,pp_runs,death_runs,batting_avg,strike_rate,boundary_pct,balls_bowled,wickets,economy,bowl_avg,strike_rate_bowl,dot_pct,pp_wickets,death_wickets,stumpings,role,ewr_wpa_bat,rwpa_powerplay_bat,rwpa_middle_bat,rwpa_death_bat,ewr_wpa_bow,rwpa_powerplay_bow,rwpa_middle_bow,rwpa_death_bow,fran_runs,fran_balls_faced,fran_sr,fran_wickets,fran_balls_bowled,fran_economy,combined_ewr_wpa,recency_bonus,final_score,in_recent_squad
JJ Bumrah,80.0,68.0,5.0,1.0,8.0,0.0,63.0,8.5,85.0,0.075,3161.0,178.0,7.231888642834545,21.40449438202247,17.758426966292134,0.3865865232521354,35.0,101.0,0.0,Bowler,-0.6697525704122882,0.0,0.0065106485190136575,-0.92742043283591,6.167845577546566,1.8703250530365698,0.7128672988968725,3.6431901972443783,68.0,80.0,85.0,178.0,3161.0,7.231888642834545,6.167845577546566,0.1,6.7846301353012235,True
JC Buttler,2517.0,3582.0,356.0,161.0,95.0,1612.0,596.0,37.705263157894734,142.31227651966628,0.20540325784664282,0.0,0.0,99.0,0.0,0.0,0.0,0.0,0.0,1.0,Batsman,5.151009203706045,3.4589948612405177,1.3025997412733579,0.45080922817317143,0.0,0.0,0.0,0.0,527.0,373.0,141.28686327077747,0.0,0.0,0.0,5.151009203706045,0.0,5.151009203706045,False
Z Khan,141.0,117.0,11.0,2.0,15.0,0.0,108.0,7.8,82.97872340425532,0.09219858156028368,2276.0,119.0,7.539543057996485,24.03361344537815,19.126050420168067,0.3835676625659051,58.0,46.0,0.0,Bowler,-0.47483934219981216,0.017749251460649762,0.062039506828990953,-0.6556577477660087,3.5552619595219275,2.278304812794033,0.05977429585695001,1.2640448274903022,40.0,31.0,129.03225806451613,31.0,565.0,7.306194690265486,3.5552619595219275,0.0,3.5552619595219275,False
SL Malinga,103.0,88.0,6.0,5.0,12.0,0.0,86.0,7.333333333333333,85.43689320388349,0.10679611650485436,2974.0,188.0,7.032952252858103,18.54255319148936,15.819148936170214,0.3846671149966375,40.0,122.0,0.0,Bowler,-0.2367958791530692,0.0,0.006926446677322473,-0.31269199937012054,3.2059495720063165,0.2957959110772685,0.5761074170134974,2.3663860176748606,88.0,103.0,85.43689320388349,188.0,2974.0,7.032952252858103,3.2059495720063165,0.0,3.2059495720063165,False
Tilak Varma,830.0,1156.0,90.0,58.0,28.0,109.0,297.0,41.285714285714285,139.27710843373492,0.1783132530120482,23.0,0.0,7.304347826086956,999.0,999.0,0.34782608695652173,0.0,0.0,0.0,Batsman,2.6784745321666708,-0.20713270504219672,1.8079946505198172,1.1744249191770022,0.08047160605833795,0.03562484735020025,0.15936768261610137,-0.009557959484044637,1156.0,830.0,139.27710843373492,0.0,23.0,7.304347826086956,2.6784745321666708,0.1,2.9463219853833382,True
MJ McClenaghan,73.0,85.0,5.0,7.0,11.0,0.0,56.0,7.7272727272727275,116.43835616438356,0.1643835616438356,1346.0,75.0,8.197622585438335,24.52,17.946666666666665,0.37667161961367013,32.0,34.0,0.0,Bowler,-0.29804741083363984,-0.2223921575249088,-0.017347094278042263,-0.1807933963595819,2.9051040761725107,1.5597068154424334,0.029043683255634584,1.3811032968542167,85.0,73.0,116.43835616438356,75.0,1346.0,8.197622585438335,2.9051040761725107,0.0,2.9051040761725107,False
RV Uthappa,3925.0,4952.0,481.0,182.0,184.0,2035.0,567.0,26.91304347826087,126.1656050955414,0.1689171974522293,0.0,0.0,99.0,0.0,0.0,0.0,0.0,0.0,32.0,Wicketkeeper,5.297210962519787,2.9826271413358665,2.540444094877833,-0.18537203703770913,0.0,0.0,0.0,0.0,320.0,291.0,109.96563573883162,0.0,0.0,0.0,2.6486054812598936,0.0,2.6486054812598936,False
MEK Hussey,1648.0,1977.0,198.0,52.0,52.0,828.0,261.0,38.01923076923077,119.96359223300972,0.15169902912621358,0.0,0.0,99.0,0.0,0.0,0.0,0.0,0.0,0.0,Batsman,2.60254726659083,2.876652212374811,-0.5307042335520564,0.3039757549997047,0.0,0.0,0.0,0.0,209.0,187.0,111.76470588235294,0.0,0.0,0.0,2.60254726659083,0.0,2.60254726659083,False
Q de Kock,2407.0,3157.0,316.0,123.0,100.0,1840.0,186.0,31.57,131.15911923556294,0.1823847112588284,0.0,0.0,99.0,0.0,0.0,0.0,0.0,0.0,16.0,Wicketkeeper,4.71340989976831,2.8641605753104233,1.7114558118159195,0.19653979307115324,0.0,0.0,0.0,0.0,1329.0,1030.0,129.02912621359224,0.0,0.0,0.0,2.356704949884155,0.1,2.592375444872571,True
S Dhawan,5481.0,6769.0,768.0,153.0,194.0,3415.0,668.0,34.891752577319586,123.49936143039591,0.16803503010399562,49.0,4.0,8.816326530612246,18.0,12.25,0.3469387755102041,1.0,0.0,0.0,Batsman,2.5341619664849433,3.1290942659738152,-0.6829082896019356,0.10184660842989408,0.2962751211777615,0.20763447754552694,0.2700335749655579,0.0,231.0,226.0,102.21238938053096,0.0,0.0,0.0,2.5341619664849433,0.0,2.5341619664849433,False
GJ Maxwell,1841.0,2771.0,233.0,160.0,111.0,432.0,599.0,24.963963963963963,150.5160239000543,0.21347093970668116,965.0,41.0,8.151295336787564,31.975609756097562,23.536585365853657,0.31191709844559584,10.0,3.0,0.0,All-rounder,3.0622122278303676,-0.017539925472915083,3.4815303551808117,-0.3518779483007171,0.9383503581141355,0.5808628770104559,0.5513989547697666,-0.16473995994233157,36.0,27.0,133.33333333333331,0.0,12.0,12.0,2.0002812929722515,0.0,2.0002812929722515,False
YS Chahal,89.0,37.0,0.0,0.0,6.0,0.0,33.0,6.166666666666667,41.57303370786517,0.0,3628.0,213.0,7.741455347298787,21.976525821596244,17.03286384976526,0.3291069459757442,18.0,63.0,0.0,Bowler,0.06766582110805437,0.0,0.04158781154550477,0.048886713306837595,1.8205556009716772,0.00201950851432697,1.4696063720427928,0.36398392880186503,0.0,0.0,0.0,0.0,24.0,8.75,1.8205556009716772,0.0,1.8205556009716772,False
CA Lynn,974.0,1329.0,132.0,66.0,39.0,779.0,36.0,34.07692307692308,136.4476386036961,0.2032854209445585,0.0,0.0,99.0,0.0,0.0,0.0,0.0,0.0,0.0,Batsman,1.6394325995260917,0.9653552611067524,1.0861794501901922,-0.3616062411488997,0.0,0.0,0.0,0.0,49.0,36.0,136.11111111111111,0.0,0.0,0.0,1.6394325995260917,0.1,1.803375859478701,True
Mustafizur Rahman,23.0,13.0,0.0,1.0,1.0,0.0,13.0,13.0,56.52173913043478,0.043478260869565216,1353.0,70.0,7.946784922394679,25.6,19.32857142857143,0.3429416112342942,15.0,39.0,0.0,Bowler,0.031540110321363106,0.0,0.0,0.07267938465357585,1.717590830828322,0.7401284009091504,-0.3619266472746104,1.3774731310924146,1.0,3.0,33.33333333333333,9.0,167.0,8.335329341317365,1.717590830828322,0.0,1.717590830828322,False
RD Chahar,127.0,129.0,13.0,5.0,16.0,0.0,125.0,8.0625,101.5748031496063,0.14173228346456693,1697.0,76.0,7.65468473777254,28.486842105263158,22.32894736842105,0.33824395992928696,3.0,15.0,0.0,Bowler,-0.15153161214261615,0.0,-0.14145486975837432,-0.04587161139430861,1.441159326221214,0.0755171619686085,1.080618589829387,0.3105007575620734,28.0,30.0,93.33333333333333,42.0,871.0,7.39150401836969,1.441159326221214,0.1,1.5852752588433354,True
Harbhajan Singh,636.0,833.0,79.0,42.0,56.0,62.0,624.0,14.875,130.9748427672956,0.19025157232704404,3496.0,161.0,7.0383295194508015,25.472049689440993,21.714285714285715,0.3612700228832952,32.0,28.0,0.0,All-rounder,-2.2692795267466734,-0.16045395207024002,0.030510710261091138,-2.2463777720482163,5.281832429969238,1.6559395079322785,3.81352587134779,-0.1423083003122392,799.0,591.0,135.19458544839256,136.0,2989.0,6.93141518902643,1.506276451611282,0.0,1.506276451611282,False
PP Ojha,45.0,16.0,0.0,0.0,10.0,0.0,16.0,1.6,35.55555555555556,0.0,1945.0,99.0,7.40051413881748,24.232323232323232,19.646464646464647,0.3429305912596401,7.0,26.0,0.0,Bowler,-0.41502253110370424,0.0,0.001497882786693632,-0.6932021012928673,1.4715863913244498,-0.48509866858344686,2.1345816926077585,-0.15519864208817388,10.0,26.0,38.46153846153847,33.0,798.0,7.676691729323308,1.4715863913244498,0.0,1.4715863913244498,False
KA Pollard,2433.0,3412.0,218.0,223.0,126.0,28.0,2032.0,27.07936507936508,140.23838882038635,0.1812577065351418,1586.0,81.0,8.32282471626734,27.160493827160494,19.580246913580247,0.255359394703657,1.0,30.0,0.0,All-rounder,3.226991782649799,0.23175994127686725,-0.35012108042798584,3.3851432027213844,-0.8326137127253944,0.02511951374546332,-0.9288843747838519,0.05540183470532588,3412.0,2433.0,140.23838882038635,81.0,1586.0,8.32282471626734,1.1971890349622023,0.1,1.3169079384584226,True
JDP Oram,110.0,106.0,6.0,5.0,8.0,0.0,62.0,13.25,96.36363636363636,0.1,244.0,13.0,8.901639344262296,27.846153846153847,18.76923076923077,0.3237704918032787,4.0,8.0,0.0,Bowler,0.038517398813885335,0.0,-0.24609044970554006,0.29511259365048503,1.0042861118941813,0.7768334202390303,-0.281823113830314,0.632753606128192,0.0,0.0,0.0,0.0,26.0,6.461538461538462,1.0042861118941813,0.0,1.0042861118941813,False
JC Archer,132.0,199.0,11.0,14.0,13.0,0.0,186.0,15.307692307692308,150.75757575757575,0.1893939393939394,987.0,49.0,7.355623100303951,24.693877551020407,20.142857142857142,0.425531914893617,17.0,21.0,0.0,Bowler,-0.028683269508194536,0.033757972850236,-0.009215335178088773,-0.059744832068567774,0.8916090149057244,0.7186331676994637,0.7109025490584597,-0.5108261238915387,4.0,4.0,100.0,2.0,129.0,9.395348837209303,0.8916090149057244,0.1,0.980769916396297,True
Ishan Kishan,1991.0,2644.0,255.0,119.0,91.0,1251.0,255.0,29.054945054945055,132.79758915118032,0.1878453038674033,0.0,0.0,99.0,0.0,0.0,0.0,0.0,0.0,5.0,Wicketkeeper,1.762711649775351,0.9704404536309418,-0.21476938933266937,1.03360078110403,0.0,0.0,0.0,0.0,2325.0,1736.0,133.92857142857142,0.0,0.0,0.0,0.8813558248876755,0.1,0.9694914073764431,True
ST Jayasuriya,573.0,768.0,84.0,39.0,29.0,514.0,0.0,26.482758620689655,134.03141361256544,0.21465968586387435,301.0,16.0,7.893687707641196,24.75,18.8125,0.2757475083056478,0.0,4.0,0.0,All-rounder,2.767972837449646,2.7415770395698273,0.1713158417253498,0.0,-1.0104551481507151,-0.010036522244487034,-0.5633113137999696,-0.5378171275365621,768.0,573.0,134.03141361256544,16.0,301.0,7.893687707641196,0.8787588446494654,0.0,0.8787588446494654,False
PA Patel,2442.0,2848.0,365.0,49.0,127.0,1904.0,95.0,22.4251968503937,116.62571662571663,0.16953316953316952,0.0,0.0,99.0,0.0,0.0,0.0,0.0,0.0,16.0,Wicketkeeper,1.5559782077847015,2.0878243271734562,-0.41390588287260494,-0.09882502511830342,0.0,0.0,0.0,0.0,911.0,724.0,125.82872928176796,0.0,0.0,0.0,0.7779891038923508,0.0,0.7779891038923508,False
E Lewis,499.0,654.0,62.0,36.0,24.0,420.0,32.0,27.25,131.06212424849699,0.1963927855711423,0.0,0.0,99.0,0.0,0.0,0.0,0.0,0.0,0.0,Batsman,0.7621719307798661,1.4386203638838373,-0.5333565966751872,-0.0972698766624592,0.0,0.0,0.0,0.0,430.0,343.0,125.36443148688046,0.0,0.0,0.0,0.7621719307798661,0.0,0.7621719307798661,False
AJ Finch,1692.0,2091.0,214.0,78.0,84.0,910.0,282.0,24.892857142857142,123.58156028368793,0.17257683215130024,44.0,1.0,9.136363636363637,67.0,44.0,0.29545454545454547,0.0,0.0,0.0,Batsman,0.7587271829183196,-0.4753267906758778,0.6557032018140125,0.5918033814063963,0.028819297897167792,0.017745075659229705,0.00394307121877812,0.026780672312683454,23.0,33.0,69.6969696969697,0.0,0.0,0.0,0.7587271829183196,0.0,0.7587271829183196,False
SM Pollock,116.0,147.0,12.0,8.0,8.0,1.0,80.0,18.375,126.72413793103448,0.1724137931034483,280.0,13.0,6.578571428571429,23.615384615384617,21.53846153846154,0.4642857142857143,9.0,0.0,0.0,Bowler,0.1197894663525797,-0.0339205702536138,0.05688754866735313,0.12780252234036962,0.48897381435317244,0.4806359789090187,0.12050447655053255,-0.059776589568538895,147.0,116.0,126.72413793103448,13.0,280.0,6.578571428571429,0.48897381435317244,0.0,0.48897381435317244,False
AG Murtaza,14.0,10.0,1.0,0.0,1.0,0.0,10.0,10.0,71.42857142857143,0.07142857142857142,269.0,12.0,7.182156133828996,26.833333333333332,22.416666666666668,0.3754646840148699,3.0,0.0,0.0,Bowler,0.00485287237193229,0.0,0.0,0.015251884597501483,0.4885596724577913,0.3010774528539468,0.2590915019898208,-0.01712307356168724,2.0,5.0,40.0,9.0,195.0,6.615384615384615,0.4885596724577913,0.0,0.4885596724577913,False
A Symonds,781.0,974.0,74.0,41.0,26.0,72.0,293.0,37.46153846153846,124.71190781049937,0.147247119078105,540.0,23.0,7.711111111111111,30.17391304347826,23.47826086956522,0.35185185185185186,5.0,6.0,0.0,All-rounder,0.356593235738213,-0.8172552684222933,1.4112681612587747,-0.22372209362560977,0.5962216944103069,0.5330881526952962,0.14039464216111552,-0.04413767297886563,135.0,143.0,94.4055944055944,1.0,24.0,10.25,0.47640746507425996,0.0,0.47640746507425996,False
G Coetzee,22.0,14.0,0.0,1.0,4.0,0.0,11.0,3.5,63.63636363636363,0.045454545454545456,216.0,13.0,9.916666666666666,27.46153846153846,16.615384615384617,0.3287037037037037,3.0,7.0,0.0,Bowler,-0.3117662081249494,0.0,-0.06175441229645595,-0.6751475341806972,0.43259288796177464,0.4724009256274621,-0.13332943025896582,0.15360373814352477,14.0,22.0,63.63636363636363,13.0,216.0,9.916666666666666,0.43259288796177464,0.1,0.47585217675795216,True
MJ Guptill,196.0,270.0,24.0,15.0,12.0,218.0,0.0,22.5,137.75510204081633,0.1989795918367347,0.0,0.0,99.0,0.0,0.0,0.0,0.0,0.0,0.0,Batsman,0.4659736249368383,0.6124748124103354,-0.07517869386071574,0.0,0.0,0.0,0.0,0.0,57.0,55.0,103.63636363636364,0.0,0.0,0.0,0.4659736249368383,0.0,0.4659736249368383,False
SR Tendulkar,2044.0,2334.0,296.0,29.0,71.0,1143.0,224.0,32.87323943661972,114.18786692759295,0.15900195694716243,37.0,0.0,9.567567567567567,999.0,999.0,0.10810810810810811,0.0,0.0,0.0,Batsman,0.4603679273182566,0.5143978108627518,-0.19801041721822085,0.15073740149150827,-0.15731180310900747,0.0,-0.08587662251361891,-0.19898529122431355,2334.0,2044.0,114.18786692759295,0.0,37.0,9.567567567567567,0.4603679273182566,0.0,0.4603679273182566,False
A Nehra,63.0,41.0,3.0,1.0,8.0,0.0,41.0,5.125,65.07936507936508,0.06349206349206349,1974.0,121.0,7.711246200607903,20.96694214876033,16.31404958677686,0.40425531914893614,45.0,63.0,0.0,Bowler,0.04103051239331848,0.0,0.0,0.060568851628232036,0.3781397672057723,-1.0093536118282513,0.467768488053231,0.9254716959535246,3.0,13.0,23.076923076923077,14.0,280.0,7.65,0.3781397672057723,0.0,0.3781397672057723,False
D Brevis,176.0,230.0,17.0,16.0,10.0,81.0,0.0,23.0,130.6818181818182,0.1875,3.0,1.0,16.0,8.0,3.0,0.3333333333333333,0.0,1.0,0.0,Batsman,0.33240945548582396,-0.21870071890532022,0.623635594352749,-0.015864717321975766,-0.0018237519698452143,0.0,0.0,-0.020061271668297357,230.0,176.0,130.6818181818182,1.0,3.0,16.0,0.33240945548582396,0.1,0.3656504010344064,True
TA Boult,82.0,83.0,5.0,3.0,7.0,0.0,76.0,11.857142857142858,101.21951219512195,0.0975609756097561,2424.0,128.0,8.096534653465346,25.5546875,18.9375,0.4067656765676568,63.0,50.0,0.0,Bowler,-0.44922833857879585,0.0,-0.006319722810764161,-0.6072604469553959,0.3282103518861925,2.3017918389562304,-1.2779062033374715,-0.6916132744270446,1.0,5.0,20.0,40.0,667.0,7.799100449775112,0.3282103518861925,0.1,0.3610313870748118,True
KV Sharma,306.0,351.0,20.0,17.0,25.0,7.0,247.0,14.04,114.70588235294117,0.12091503267973856,1520.0,82.0,8.407894736842104,25.975609756097562,18.536585365853657,0.31776315789473686,7.0,8.0,0.0,All-rounder,1.321045165667849,0.0966008579984726,0.4820733989757888,0.8718851406218081,-0.6085728803769541,0.2754009154384464,-1.0988411542171062,0.20285605155216066,49.0,42.0,116.66666666666667,13.0,189.0,6.888888888888889,0.35623614264544745,0.0,0.35623614264544745,False
RE Levi,74.0,83.0,10.0,4.0,6.0,62.0,0.0,13.833333333333334,112.16216216216218,0.1891891891891892,0.0,0.0,99.0,0.0,0.0,0.0,0.0,0.0,0.0,Wicketkeeper,0.7093812076014616,0.8999853859523044,0.0969827977038037,0.0,0.0,0.0,0.0,0.0,83.0,74.0,112.16216216216218,0.0,0.0,0.0,0.3546906038007308,0.0,0.3546906038007308,False
CRD Fernando,3.0,4.0,0.0,0.0,1.0,0.0,4.0,4.0,133.33333333333331,0.0,249.0,19.0,7.373493975903615,16.105263157894736,13.105263157894736,0.39759036144578314,7.0,7.0,0.0,Bowler,0.0025083173551075813,0.0,0.0,0.027591490906183392,0.3137229005808919,0.5607732782165218,0.159602107032437,-0.3688545448390437,4.0,3.0,133.33333333333331,19.0,249.0,7.373493975903615,0.3137229005808919,0.0,0.3137229005808919,False
J Yadav,38.0,40.0,2.0,1.0,2.0,0.0,31.0,20.0,105.26315789473684,0.07894736842105263,398.0,9.0,6.738693467336684,49.666666666666664,44.22222222222222,0.3844221105527638,4.0,1.0,0.0,Bowler,0.058179077013255205,0.0,0.07961719400060946,0.024492733286268276,0.28508108701719803,0.20881963198286818,-0.04762533299984885,0.14537531218120373,34.0,26.0,130.76923076923077,5.0,191.0,7.036649214659686,0.28508108701719803,0.1,0.31358919571891786,True
KD Karthik,3684.0,4842.0,466.0,161.0,189.0,396.0,1904.0,25.61904761904762,131.4332247557003,0.17019543973941367,0.0,0.0,99.0,0.0,0.0,0.0,0.0,0.0,37.0,Wicketkeeper,0.6174920748405552,-1.5580494473492457,-0.12344746060085965,2.304017419882196,0.0,0.0,0.0,0.0,748.0,639.0,117.05790297339593,0.0,0.0,0.0,0.3087460374202776,0.0,0.3087460374202776,False
S Gopal,173.0,180.0,19.0,2.0,13.0,0.0,135.0,13.846153846153847,104.04624277456647,0.12138728323699421,1000.0,53.0,8.148,25.62264150943396,18.867924528301888,0.317,8.0,6.0,0.0,All-rounder,0.019470760498850038,-0.10454244485517034,0.014471101374444944,0.11291853643602341,0.5365528600416827,0.035745198469317375,0.2424916872103801,0.27441256016323556,14.0,27.0,51.85185185185185,10.0,158.0,8.430379746835444,0.27801181027026634,0.1,0.305812991297293,True
DJ Jacobs,101.0,92.0,10.0,4.0,7.0,83.0,0.0,13.142857142857142,91.0891089108911,0.13861386138613863,0.0,0.0,99.0,0.0,0.0,0.0,0.0,0.0,2.0,Wicketkeeper,0.47840096638001267,0.6393321261471042,-0.018831862822533258,0.0,0.0,0.0,0.0,0.0,92.0,101.0,91.0891089108911,0.0,0.0,0.0,0.23920048319000634,0.0,0.23920048319000634,False
BB Sran,14.0,10.0,0.0,0.0,1.0,0.0,10.0,10.0,71.42857142857143,0.0,516.0,20.0,8.918604651162791,38.35,25.8,0.32558139534883723,6.0,7.0,0.0,Bowler,-0.15044257100361436,0.0,0.0,-0.47281950886850227,0.23693163505005727,0.00446282106514366,-0.15951345659869434,0.40575736564465775,3.0,3.0,100.0,0.0,25.0,12.239999999999998,0.23693163505005727,0.0,0.23693163505005727,False
JL Pattinson,13.0,15.0,2.0,0.0,1.0,0.0,15.0,15.0,115.38461538461537,0.15384615384615385,222.0,11.0,8.675675675675675,29.181818181818183,20.181818181818183,0.34684684684684686,4.0,4.0,0.0,Bowler,-0.017234110784217067,0.0,0.0,-0.057005135670871836,0.21470527917161347,0.31130100852294496,-0.0013113138356910144,-0.06627018860055764,15.0,13.0,115.38461538461537,11.0,222.0,8.675675675675675,0.21470527917161347,0.0,0.21470527917161347,False
R Dhawan,188.0,210.0,18.0,7.0,10.0,0.0,168.0,21.0,111.70212765957446,0.13297872340425532,693.0,27.0,7.982683982683983,34.148148148148145,25.666666666666668,0.2958152958152958,5.0,4.0,0.0,All-rounder,-0.11702848109895608,0.0,-0.5350601880540267,0.3993569493328967,0.494242030944921,-0.16805545044923859,0.2818711429542952,0.401822097355229,21.0,21.0,100.0,2.0,95.0,7.263157894736842,0.18860677492298245,0.0,0.18860677492298245,False
LMP Simmons,878.0,1079.0,109.0,44.0,27.0,542.0,56.0,39.96296296296296,122.89293849658314,0.17425968109339407,18.0,1.0,11.333333333333334,34.0,18.0,0.1111111111111111,0.0,1.0,0.0,Batsman,0.17205136459558648,0.5693242976212292,-0.22047675412603307,-0.17091743067880366,-0.07413099828114152,0.0,-0.05159880063342567,-0.14608386144961835,1079.0,878.0,122.89293849658314,1.0,18.0,11.333333333333334,0.17205136459558648,0.0,0.17205136459558648,False
STR Binny,700.0,880.0,66.0,35.0,44.0,18.0,397.0,20.0,125.71428571428571,0.1442857142857143,611.0,28.0,7.4926350245499185,27.25,21.821428571428573,0.32569558101472995,8.0,3.0,0.0,All-rounder,-0.7921865763188315,-0.5211564895151422,-0.03844268771466527,-0.2665382523598312,1.1088980039818699,1.0937495434656606,0.09974684081751653,-0.030151669794832376,8.0,5.0,160.0,0.0,6.0,9.0,0.1583557138315192,0.0,0.1583557138315192,False
Ramandeep Singh,106.0,170.0,8.0,13.0,6.0,2.0,95.0,28.333333333333332,160.37735849056605,0.19811320754716982,45.0,6.0,8.533333333333333,10.666666666666666,7.5,0.26666666666666666,0.0,4.0,0.0,Bowler,0.3622018585471416,0.03012144658012733,0.3610100973258796,0.07358027460730684,0.1376104852835904,0.0,0.1431870608539138,0.08616374795207021,45.0,42.0,107.14285714285714,6.0,41.0,8.048780487804878,0.1376104852835904,0.1,0.15137153381194945,True
N Rana,2015.0,2636.0,234.0,132.0,94.0,649.0,406.0,28.04255319148936,130.81885856079404,0.18163771712158808,185.0,10.0,8.205405405405406,25.3,18.5,0.31351351351351353,0.0,2.0,0.0,All-rounder,0.7178833860942581,-2.2047110505715923,2.5599622868022616,0.3733202399791361,-0.42829269279367077,-0.3110548812325719,-0.2849437502315301,0.09825306956875501,437.0,355.0,123.09859154929576,0.0,6.0,3.0,0.14479534665029364,0.0,0.14479534665029364,False
Arjun Tendulkar,9.0,13.0,0.0,1.0,1.0,0.0,13.0,13.0,144.44444444444443,0.1111111111111111,83.0,4.0,8.457831325301205,29.25,20.75,0.3614457831325301,1.0,2.0,0.0,Bowler,0.004922532835846661,0.0,0.0,0.0213309756220022,0.12816552839621373,0.38402478143858526,-0.09139332431959812,-0.11814103894100937,13.0,9.0,144.44444444444443,4.0,83.0,8.457831325301205,0.12816552839621373,0.1,0.1409820812358351,True
CJ McKay,15.0,8.0,0.0,0.0,1.0,0.0,0.0,8.0,53.333333333333336,0.0,42.0,1.0,8.571428571428571,60.0,42.0,0.3333333333333333,0.0,0.0,0.0,Bowler,0.0006526838612256431,0.0,0.0019580515836769294,0.0,0.11174489089979175,0.0008995037170984677,0.14176989666877246,0.048893269728057846,8.0,15.0,53.333333333333336,1.0,42.0,8.571428571428571,0.11174489089979175,0.0,0.11174489089979175,False
RJ Peterson,32.0,32.0,3.0,1.0,3.0,0.0,19.0,10.666666666666666,100.0,0.125,48.0,3.0,8.75,23.333333333333332,16.0,0.4375,0.0,2.0,0.0,Bowler,-0.062477227077861415,0.0,-0.022413013099183914,-0.09863661436417256,0.0991722776082051,0.03367749109732145,0.05960927761397492,0.06786818240203692,32.0,32.0,100.0,3.0,48.0,8.75,0.0991722776082051,0.0,0.0991722776082051,False
FA Allen,19.0,14.0,1.0,0.0,2.0,0.0,11.0,7.0,73.68421052631578,0.05263157894736842,91.0,2.0,8.967032967032967,68.0,45.5,0.2857142857142857,1.0,0.0,0.0,Bowler,-0.04446266177382933,0.0,-0.061243105378299495,-0.053423759196312974,0.07823371953328923,-0.047127518057378553,0.15115257370054336,0.0,8.0,7.0,114.28571428571428,1.0,24.0,11.5,0.07823371953328923,0.1,0.08605709148661815,True
AC Blizzard,91.0,120.0,21.0,2.0,7.0,99.0,0.0,17.142857142857142,131.86813186813185,0.25274725274725274,0.0,0.0,99.0,0.0,0.0,0.0,0.0,0.0,0.0,Wicketkeeper,0.16233624625523344,0.21461397629126086,0.0012397137843791718,0.0,0.0,0.0,0.0,0.0,120.0,91.0,131.86813186813185,0.0,0.0,0.0,0.08116812312761672,0.0,0.08116812312761672,False
AM Nayar,588.0,672.0,55.0,20.0,39.0,65.0,310.0,17.23076923076923,114.28571428571428,0.12755102040816327,239.0,9.0,8.10878661087866,35.888888888888886,26.555555555555557,0.28870292887029286,0.0,1.0,0.0,All-rounder,0.00344469040078971,-0.1851481419995369,-0.2616221152416285,0.4503906971521995,0.15700986891961025,-0.03457438330866697,0.19237912346484895,0.018913480510659705,457.0,348.0,131.32183908045977,5.0,120.0,7.65,0.08022727966019998,0.0,0.08022727966019998,False
JP Behrendorff,9.0,6.0,0.0,0.0,0.0,0.0,6.0,6.0,66.66666666666666,0.0,379.0,22.0,8.91292875989446,25.59090909090909,17.227272727272727,0.36675461741424803,11.0,8.0,0.0,Bowler,0.003959903294974145,0.0,0.0,0.01715958094488796,0.06887374233080998,-0.02957423660118136,0.0019313036978297112,0.1019684226482099,6.0,9.0,66.66666666666666,22.0,379.0,8.91292875989446,0.06887374233080998,0.1,0.07576111656389098,True
SZ Mulani,1.0,1.0,0.0,0.0,0.0,0.0,1.0,1.0,100.0,0.0,33.0,0.0,10.363636363636363,999.0,999.0,0.21212121212121213,0.0,0.0,0.0,Bowler,0.002954645402050222,0.0,0.0,0.09159400746355689,0.06817141491623671,0.07834242159955922,0.0370353361348403,0.014767670742052381,1.0,1.0,100.0,0.0,33.0,10.363636363636363,0.06817141491623671,0.1,0.07498855640786038,True
BR Dunk,36.0,40.0,7.0,0.0,3.0,40.0,0.0,13.333333333333334,111.11111111111111,0.19444444444444445,0.0,0.0,99.0,0.0,0.0,0.0,0.0,0.0,0.0,Wicketkeeper,0.06766566618982814,0.12405372134801826,0.0,0.0,0.0,0.0,0.0,0.0,40.0,36.0,111.11111111111111,0.0,0.0,0.0,0.03383283309491407,0.0,0.03383283309491407,False
YV Takawale,183.0,192.0,26.0,3.0,8.0,121.0,29.0,24.0,104.91803278688525,0.15846994535519127,0.0,0.0,99.0,0.0,0.0,0.0,0.0,0.0,4.0,Wicketkeeper,0.06621169807175573,0.13612084195870458,0.06618797641092447,-0.12524274356479864,0.0,0.0,0.0,0.0,88.0,91.0,96.7032967032967,0.0,0.0,0.0,0.03310584903587786,0.0,0.03310584903587786,False
Arshad Khan,67.0,96.0,5.0,6.0,4.0,0.0,64.0,24.0,143.28358208955223,0.16417910447761194,153.0,6.0,11.058823529411764,47.0,25.5,0.2875816993464052,2.0,2.0,0.0,Bowler,-0.06753965897774715,0.0,-0.02797846108128584,-0.06980283624470632,0.02549879541590903,0.03512383418163843,-0.05005552986952395,0.04543025491083551,18.0,15.0,120.0,5.0,97.0,11.876288659793813,0.02549879541590903,0.1,0.028048674957499936,True
SD Chitnis,92.0,99.0,10.0,2.0,7.0,1.0,43.0,14.142857142857142,107.6086956521739,0.13043478260869565,38.0,2.0,9.789473684210527,31.0,19.0,0.23684210526315788,0.0,1.0,0.0,Bowler,0.14446439232437475,-0.05655496753899932,0.05462280269854796,0.1935045111836439,0.019822849126367056,-0.002552539236667671,0.04384780861959283,-0.005822802525215703,18.0,10.0,180.0,2.0,38.0,9.789473684210527,0.019822849126367056,0.0,0.019822849126367056,False
TG Southee,108.0,120.0,8.0,4.0,11.0,0.0,106.0,10.909090909090908,111.11111111111111,0.1111111111111111,1262.0,57.0,8.434231378763867,31.12280701754386,22.140350877192983,0.3541996830427892,21.0,25.0,0.0,Bowler,-0.9872019234638924,0.0,-0.3621855510992184,-0.8992391288824217,0.01660847845788264,-0.7426278784393323,0.7656152491569871,-0.005984078984228182,37.0,23.0,160.8695652173913,12.0,334.0,7.724550898203593,0.01660847845788264,0.0,0.01660847845788264,False
K Santokie,0.0,0.0,0.0,0.0,0.0,0.0,0.0,0.0,0.0,0.0,51.0,3.0,10.705882352941176,30.333333333333332,17.0,0.29411764705882354,1.0,1.0,0.0,Bowler,0.0,0.0,0.0,0.0,0.012236885197415155,0.0504155456645573,0.08076912175888545,-0.1117496144628422,0.0,0.0,0.0,3.0,51.0,10.705882352941176,0.012236885197415155,0.0,0.012236885197415155,False
R Sathish,236.0,270.0,22.0,6.0,16.0,0.0,164.0,16.875,114.40677966101696,0.11864406779661017,144.0,6.0,9.708333333333334,38.833333333333336,24.0,0.20833333333333334,0.0,1.0,0.0,Batsman,0.0073273785043962815,-0.03196242915509982,-0.06845051793710537,0.10867177201665182,-0.511610505051188,0.0,-0.0987781160366759,-0.5194179109001763,137.0,133.0,103.00751879699249,3.0,82.0,8.926829268292684,0.0073273785043962815,0.0,0.0073273785043962815,False
PR Shah,97.0,92.0,9.0,2.0,8.0,30.0,27.0,11.5,94.84536082474226,0.1134020618556701,0.0,0.0,99.0,0.0,0.0,0.0,0.0,0.0,3.0,Wicketkeeper,0.005140876309568234,0.2161123052680868,-0.1747194644363561,-0.034662002776935194,0.0,0.0,0.0,0.0,87.0,92.0,94.56521739130434,0.0,0.0,0.0,0.002570438154784117,0.0,0.002570438154784117,False
C Madan,21.0,15.0,3.0,0.0,1.0,15.0,0.0,15.0,71.42857142857143,0.14285714285714285,0.0,0.0,99.0,0.0,0.0,0.0,0.0,0.0,0.0,Wicketkeeper,0.003555865812083212,0.008635674115059229,0.0,0.0,0.0,0.0,0.0,0.0,15.0,21.0,71.42857142857143,0.0,0.0,0.0,0.001777932906041606,0.0,0.001777932906041606,False
Mohammad Ashraful,12.0,2.0,0.0,0.0,1.0,2.0,0.0,2.0,16.666666666666664,0.0,0.0,0.0,99.0,0.0,0.0,0.0,0.0,0.0,0.0,Wicketkeeper,0.00035386626310263846,0.0012385319208592345,0.0,0.0,0.0,0.0,0.0,0.0,2.0,12.0,16.666666666666664,0.0,0.0,0.0,0.00017693313155131923,0.0,0.00017693313155131923,False
RA Shaikh,0.0,0.0,0.0,0.0,0.0,0.0,0.0,0.0,0.0,0.0,6.0,0.0,11.0,999.0,999.0,0.16666666666666666,0.0,0.0,0.0,Bowler,0.0,0.0,0.0,0.0,-0.005237673529280209,-0.031426041175681256,0.0,0.0,0.0,0.0,0.0,0.0,6.0,11.0,-0.005237673529280209,0.0,-0.005237673529280209,False
SD Lad,13.0,15.0,1.0,1.0,1.0,15.0,0.0,15.0,115.38461538461537,0.15384615384615385,0.0,0.0,99.0,0.0,0.0,0.0,0.0,0.0,0.0,Wicketkeeper,-0.01659289818657197,-0.054884201694045745,0.0,0.0,0.0,0.0,0.0,0.0,15.0,13.0,115.38461538461537,0.0,0.0,0.0,-0.008296449093285986,0.0,-0.008296449093285986,False
R Goyal,0.0,0.0,0.0,0.0,0.0,0.0,0.0,0.0,0.0,0.0,24.0,0.0,8.5,999.0,999.0,0.25,0.0,0.0,0.0,Bowler,0.0,0.0,0.0,0.0,-0.008221226782351224,0.0,-0.018497760260290253,0.0,0.0,0.0,0.0,0.0,24.0,8.5,-0.008221226782351224,0.1,-0.009043349460586346,True
P Suyal,0.0,0.0,0.0,0.0,0.0,0.0,0.0,0.0,0.0,0.0,107.0,2.0,8.63551401869159,77.0,53.5,0.3364485981308411,1.0,0.0,0.0,Bowler,0.0,0.0,0.0,0.0,-0.015958516227332336,-0.21761037445359138,0.19854133084144082,-0.0013638229592936252,0.0,0.0,0.0,2.0,107.0,8.63551401869159,-0.015958516227332336,0.0,-0.015958516227332336,False
GR Napier,16.0,15.0,1.0,0.0,1.0,0.0,5.0,15.0,93.75,0.0625,24.0,1.0,7.0,28.0,24.0,0.3333333333333333,0.0,0.0,0.0,Bowler,-0.05562105983532203,0.0,-0.1731463100729153,0.01323576304636448,-0.016492280435566997,0.022452840034904893,-0.05956047101493064,0.0,15.0,16.0,93.75,1.0,24.0,7.0,-0.016492280435566997,0.0,-0.016492280435566997,False
K Kartikeya,13.0,9.0,1.0,0.0,2.0,0.0,9.0,4.5,69.23076923076923,0.07692307692307693,241.0,10.0,8.315352697095436,33.4,24.1,0.2863070539419087,1.0,0.0,0.0,Bowler,0.0020230630847915382,0.0,0.0,0.006691670203541241,-0.02602068279752386,-0.02763955246625391,-0.15708300904951644,0.15546278957332652,9.0,13.0,69.23076923076923,10.0,241.0,8.315352697095436,-0.02602068279752386,0.1,-0.028622751077276246,True
C Nanda,1.0,0.0,0.0,0.0,1.0,0.0,0.0,0.0,0.0,0.0,50.0,2.0,6.959999999999999,29.0,25.0,0.26,0.0,0.0,0.0,Bowler,-0.00602094794605577,0.0,0.0,-0.18664938632772887,-0.033791349710787025,0.0,-0.06589024637086377,0.011824086833604525,0.0,1.0,0.0,2.0,50.0,6.959999999999999,-0.033791349710787025,0.0,-0.033791349710787025,False
NLTC Perera,324.0,422.0,23.0,26.0,24.0,18.0,267.0,17.583333333333332,130.2469135802469,0.15123456790123457,715.0,37.0,8.651748251748252,27.864864864864863,19.324324324324323,0.3174825174825175,6.0,21.0,0.0,All-rounder,0.06603277332197842,0.09334058636607327,0.0074030678721946075,-0.028596735238328508,-0.1377002284538403,-0.0871668322938047,-0.46071668792057496,0.40440565979744114,4.0,12.0,33.33333333333333,0.0,15.0,10.8,-0.035833727565930944,0.0,-0.035833727565930944,False
VS Yeligati,2.0,2.0,0.0,0.0,1.0,0.0,2.0,2.0,100.0,0.0,32.0,0.0,11.4375,999.0,999.0,0.1875,0.0,0.0,0.0,Bowler,0.005539441585410108,0.0,0.0,0.08863106536656173,-0.04077918867967165,0.0006650002926639493,-0.07781169279420008,-0.0018629855653276885,2.0,2.0,100.0,0.0,32.0,11.4375,-0.04077918867967165,0.0,-0.04077918867967165,False
R Sanjay Yadav,2.0,0.0,0.0,0.0,1.0,0.0,0.0,0.0,0.0,0.0,14.0,0.0,9.857142857142856,999.0,999.0,0.42857142857142855,0.0,0.0,0.0,Bowler,-0.02220215845870353,0.0,0.0,-0.3552345353392565,-0.03839965696972903,-0.018423501364435317,-0.10226113482614164,0.0,0.0,2.0,0.0,0.0,14.0,9.857142857142856,-0.03839965696972903,0.1,-0.042239622666701934,True
MA Khote,22.0,24.0,2.0,1.0,2.0,0.0,18.0,12.0,109.09090909090908,0.13636363636363635,30.0,2.0,10.4,26.0,15.0,0.16666666666666666,0.0,1.0,0.0,Bowler,-0.08008339249264383,0.0,-0.07305990200019187,-0.11622811661878447,-0.04534362065893256,0.0,-0.09908459543825474,0.008397354120389614,24.0,22.0,109.09090909090908,2.0,30.0,10.4,-0.04534362065893256,0.0,-0.04534362065893256,False
D Jansen,0.0,0.0,0.0,0.0,0.0,0.0,0.0,0.0,0.0,0.0,28.0,1.0,11.357142857142856,53.0,28.0,0.21428571428571427,0.0,1.0,0.0,Bowler,0.0,0.0,0.0,0.0,-0.04399994026946808,-0.044767448244589184,-0.056184643340159296,0.009809358169421746,0.0,0.0,0.0,1.0,28.0,11.357142857142856,-0.04399994026946808,0.1,-0.04839993429641489,True
RW Price,0.0,0.0,0.0,0.0,0.0,0.0,0.0,0.0,0.0,0.0,18.0,0.0,11.0,999.0,999.0,0.05555555555555555,0.0,0.0,0.0,Bowler,0.0,0.0,0.0,0.0,-0.05324321179521213,-0.08119203047345648,-0.0607898676471092,0.0,0.0,0.0,0.0,0.0,18.0,11.0,-0.05324321179521213,0.0,-0.05324321179521213,False
CM Gautam,158.0,169.0,17.0,6.0,9.0,68.0,55.0,18.77777777777778,106.9620253164557,0.14556962025316456,0.0,0.0,99.0,0.0,0.0,0.0,0.0,0.0,4.0,Wicketkeeper,-0.10899235572271859,0.13096932471814438,-0.07700216517394784,-0.18365426635350726,0.0,0.0,0.0,0.0,121.0,116.0,104.3103448275862,0.0,0.0,0.0,-0.054496177861359296,0.0,-0.054496177861359296,False
DJ Bravo,1247.0,1560.0,120.0,66.0,69.0,123.0,909.0,22.608695652173914,125.10024057738573,0.1491579791499599,3296.0,207.0,8.075242718446601,21.429951690821255,15.922705314009661,0.30279126213592233,13.0,130.0,0.0,All-rounder,-1.3960026675666353,0.2540282118990341,-2.76988269515099,1.0862671484623863,1.2686945650146981,0.31115981941641147,-0.9095040871906055,1.8785864168151183,457.0,401.0,113.9650872817955,30.0,554.0,7.96028880866426,-0.06365405127596857,0.0,-0.06365405127596857,False
PJ Sangwan,47.0,26.0,1.0,0.0,8.0,0.0,22.0,3.25,55.319148936170215,0.02127659574468085,905.0,44.0,8.4,28.795454545454547,20.568181818181817,0.3524861878453039,16.0,9.0,0.0,Bowler,-0.41667084051273745,0.0,-0.03768070921042674,-0.6449502422678878,-0.06377652656773077,-0.19273733619480726,0.29631039763142714,-0.16946372700659593,0.0,5.0,0.0,0.0,12.0,10.0,-0.06377652656773077,0.0,-0.06377652656773077,False
A Nel,0.0,0.0,0.0,0.0,0.0,0.0,0.0,0.0,0.0,0.0,18.0,1.0,10.333333333333334,31.0,18.0,0.3888888888888889,1.0,0.0,0.0,Bowler,0.0,0.0,0.0,0.0,-0.0669179010652636,0.04199716824366137,-0.1882095316730265,-0.032235372744671136,0.0,0.0,0.0,1.0,18.0,10.333333333333334,-0.0669179010652636,0.0,-0.0669179010652636,False
AF Milne,31.0,23.0,0.0,1.0,5.0,0.0,17.0,4.6,74.19354838709677,0.03225806451612903,217.0,9.0,9.373271889400922,37.666666666666664,24.11111111111111,0.31797235023041476,3.0,5.0,0.0,Bowler,-0.11587811228754023,0.0,-0.14093004156432012,-0.08708817938858164,-0.06910367602542988,0.08834113769973055,-0.2391962720571525,0.07219795473400634,16.0,19.0,84.21052631578947,4.0,87.0,9.310344827586206,-0.06910367602542988,0.1,-0.07601404362797287,True
JEC Franklin,309.0,327.0,25.0,9.0,11.0,79.0,97.0,29.727272727272727,105.8252427184466,0.11003236245954692,155.0,9.0,8.70967741935484,25.0,17.22222222222222,0.25161290322580643,1.0,3.0,0.0,All-rounder,0.34090565208572626,0.48565774271896983,-0.5392564205205677,0.4276019660121519,-0.5299429822294172,-0.006577351176960363,-0.5400712332939306,-0.08586400722228438,327.0,309.0,105.8252427184466,9.0,155.0,8.70967741935484,-0.09451866507184545,0.0,-0.09451866507184545,False
DJ Thornely,54.0,39.0,2.0,2.0,3.0,4.0,0.0,13.0,72.22222222222221,0.07407407407407407,44.0,3.0,5.454545454545455,13.333333333333334,14.666666666666666,0.4318181818181818,0.0,0.0,0.0,Bowler,-0.303180555639923,-0.32640049546717337,-0.1452137021949291,0.0,-0.0962193948238504,0.0,-0.16182352765829386,0.0,39.0,54.0,72.22222222222221,3.0,44.0,5.454545454545455,-0.0962193948238504,0.0,-0.0962193948238504,False
TL Suman,587.0,676.0,55.0,26.0,30.0,185.0,144.0,22.533333333333335,115.1618398637138,0.13798977853492334,152.0,7.0,7.815789473684211,28.285714285714285,21.714285714285715,0.28289473684210525,0.0,2.0,0.0,All-rounder,-0.4753356786450265,-0.3965676397407867,0.3447306673402942,-0.4477918414393394,0.27822428227030993,-0.011691815465046208,0.2298473814452414,0.11498140358030741,80.0,72.0,111.11111111111111,0.0,36.0,8.333333333333334,-0.09855569818735829,0.0,-0.09855569818735829,False
N Wadhera,261.0,350.0,32.0,18.0,15.0,21.0,99.0,23.333333333333332,134.09961685823754,0.19157088122605365,12.0,0.0,6.5,999.0,999.0,0.16666666666666666,0.0,0.0,0.0,Batsman,-0.09553466451560712,-0.04601588653899208,-0.048220171765757214,-0.01227960213219196,0.025084821324123527,0.0,0.08779687463443235,0.0,350.0,261.0,134.09961685823754,0.0,12.0,6.5,-0.09553466451560712,0.1,-0.10508813096716783,True
L Ronchi,37.0,34.0,6.0,1.0,3.0,34.0,0.0,11.333333333333334,91.8918918918919,0.1891891891891892,0.0,0.0,99.0,0.0,0.0,0.0,0.0,0.0,0.0,Wicketkeeper,-0.2238382044124116,-0.4053286404224751,0.0,0.0,0.0,0.0,0.0,0.0,34.0,37.0,91.8918918918919,0.0,0.0,0.0,-0.1119191022062058,0.0,-0.1119191022062058,False
Vishnu Vinod,58.0,56.0,3.0,3.0,6.0,10.0,12.0,9.333333333333334,96.55172413793103,0.10344827586206896,0.0,0.0,99.0,0.0,0.0,0.0,0.0,0.0,2.0,Wicketkeeper,-0.2115164163097962,-0.17274207605312936,0.045099632473978066,-0.1932790156495051,0.0,0.0,0.0,0.0,37.0,32.0,115.625,0.0,0.0,0.0,-0.1057582081548981,0.1,-0.11633402897038791,True
AP Tare,285.0,339.0,40.0,11.0,24.0,226.0,40.0,14.125,118.94736842105263,0.17894736842105263,0.0,0.0,99.0,0.0,0.0,0.0,0.0,0.0,6.0,Wicketkeeper,-0.23902929772167922,-0.006379980902662487,-0.12393626620144624,-0.13387402932511575,0.0,0.0,0.0,0.0,313.0,245.0,127.75510204081633,0.0,0.0,0.0,-0.11951464886083961,0.0,-0.11951464886083961,False
DR Smith,1803.0,2385.0,245.0,117.0,81.0,1213.0,168.0,29.444444444444443,132.27953410981698,0.20077648363838047,557.0,27.0,8.88689407540395,30.555555555555557,20.62962962962963,0.3016157989228007,5.0,7.0,0.0,All-rounder,2.344082758314912,1.1266771396913051,1.3237896578924293,-0.06738099836508059,-2.588164917119058,-0.5607773448488161,-1.198229283463334,-0.9685567583106272,620.0,494.0,125.50607287449394,10.0,180.0,8.0,-0.12204107940207298,0.0,-0.12204107940207298,False
A Dananjaya,5.0,4.0,0.0,0.0,0.0,0.0,4.0,4.0,80.0,0.0,25.0,0.0,11.28,999.0,999.0,0.24,0.0,0.0,0.0,Bowler,-0.007286053581901467,0.0,0.0,-0.05100237507331027,-0.15031554166113933,-0.18182086431461825,-0.14887332733988828,0.0,4.0,5.0,80.0,0.0,25.0,11.28,-0.15031554166113933,0.0,-0.15031554166113933,False
TS Mills,14.0,8.0,0.0,1.0,4.0,0.0,6.0,2.0,57.14285714285714,0.07142857142857142,218.0,11.0,9.605504587155963,31.727272727272727,19.818181818181817,0.3165137614678899,6.0,4.0,0.0,Bowler,-0.03845602137986514,0.0,0.011448334431944065,-0.1323101159115202,-0.14399189055055286,0.5329833240181648,-0.7532706493390587,0.056480036988154854,0.0,3.0,0.0,6.0,107.0,10.766355140186917,-0.14399189055055286,0.1,-0.15839107960560816,True
KH Pandya,1287.0,1647.0,144.0,61.0,74.0,74.0,669.0,22.256756756756758,127.97202797202797,0.1592851592851593,2183.0,80.0,7.267063673843335,33.05,27.2875,0.309665597801191,16.0,14.0,0.0,All-rounder,-1.4116507710336887,-0.5496053077355231,-0.7788367465738331,-0.1161143291027404,1.1229715263787599,-0.3254126702387522,1.6845517333352857,-0.22073503750047502,1143.0,853.0,133.99765533411488,54.0,1493.0,7.221701272605492,-0.14433962232746445,0.1,-0.1587735845602109,True
R Shukla,23.0,19.0,2.0,0.0,2.0,0.0,18.0,9.5,82.6086956521739,0.08695652173913043,130.0,7.0,10.015384615384615,31.0,18.571428571428573,0.2923076923076923,4.0,2.0,0.0,Bowler,-0.030894249531525562,0.0,-0.0015231302787029294,-0.06966796646785599,-0.17208048499760872,-0.008675824583561073,-0.19698970227232335,-0.006125839295018632,0.0,0.0,0.0,0.0,19.0,10.105263157894738,-0.17208048499760872,0.0,-0.17208048499760872,False
L Wood,3.0,9.0,0.0,1.0,0.0,0.0,9.0,9.0,300.0,0.3333333333333333,38.0,1.0,14.842105263157896,94.0,38.0,0.21052631578947367,0.0,0.0,0.0,Bowler,0.0015635127407598436,0.0,0.0,0.01719864014835828,-0.1647972415865938,-0.2370062408264632,0.019148534211381747,-0.07704262043461277,9.0,3.0,300.0,1.0,38.0,14.842105263157896,-0.1647972415865938,0.1,-0.1812769657452532,True
T Stubbs,239.0,405.0,26.0,26.0,9.0,10.0,270.0,45.0,169.4560669456067,0.2175732217573222,25.0,4.0,6.959999999999999,7.25,6.25,0.36,0.0,0.0,0.0,Batsman,-0.17357007427036802,0.10396829628995194,-0.5913827092596993,0.29205730008803604,-0.004528748552356301,0.0,-0.03140393377852674,0.021440686963342875,27.0,35.0,77.14285714285715,1.0,12.0,7.0,-0.17357007427036802,0.1,-0.19092708169740485,True
Mohammad Nabi,155.0,215.0,18.0,11.0,16.0,20.0,129.0,13.4375,138.70967741935485,0.1870967741935484,419.0,15.0,7.5465393794749405,35.13333333333333,27.933333333333334,0.34844868735083534,7.0,2.0,0.0,All-rounder,0.25963842338346704,-0.001910382887347191,-0.321886527539879,0.6336879318849126,-0.6089780901240572,-0.12159246284498502,-0.4239516184054356,-0.10703625876318712,35.0,31.0,112.90322580645163,2.0,74.0,8.91891891891892,-0.1746698333702951,0.1,-0.19213681670732463,True
Anmolpreet Singh,117.0,139.0,19.0,3.0,9.0,116.0,0.0,15.444444444444445,118.80341880341881,0.18803418803418803,0.0,0.0,99.0,0.0,0.0,0.0,0.0,0.0,0.0,Wicketkeeper,-0.3525937504983334,-0.4191160302970182,-0.023886374175246892,0.0,0.0,0.0,0.0,0.0,29.0,27.0,107.40740740740742,0.0,0.0,0.0,-0.1762968752491667,0.1,-0.1939265627740834,True
Akash Madhwal,5.0,4.0,0.0,0.0,0.0,0.0,4.0,4.0,80.0,0.0,279.0,22.0,9.268817204301076,19.59090909090909,12.681818181818182,0.2974910394265233,5.0,8.0,0.0,Bowler,0.005531222254625054,0.0,0.0,0.03871855578237538,-0.18863685201559496,0.25288708883247274,-0.4019549995936038,-0.059852473729259045,4.0,5.0,80.0,22.0,279.0,9.268817204301076,-0.18863685201559496,0.1,-0.20750053721715447,True
M de Lange,2.0,1.0,0.0,0.0,1.0,0.0,1.0,1.0,50.0,0.0,116.0,6.0,8.844827586206897,28.5,19.333333333333332,0.33620689655172414,2.0,3.0,0.0,Bowler,-0.008569850279468985,0.0,0.0,-0.13711760447150376,-0.24651846487382978,-0.06797222296270491,0.06629380176385946,-0.30859481907338854,1.0,2.0,50.0,3.0,52.0,7.26923076923077,-0.24651846487382978,0.0,-0.24651846487382978,False
A Kamboj,2.0,2.0,0.0,0.0,0.0,0.0,2.0,2.0,100.0,0.0,68.0,2.0,10.147058823529411,57.5,34.0,0.27941176470588236,1.0,0.0,0.0,Bowler,-0.011224241702023869,0.0,0.0,-0.1795878672323819,-0.2276986487261111,-0.14617156796355718,-0.18198236696525,0.0,2.0,2.0,100.0,2.0,68.0,10.147058823529411,-0.2276986487261111,0.1,-0.25046851359872224,True
Naman Dhir,84.0,140.0,12.0,10.0,6.0,38.0,57.0,23.333333333333332,166.66666666666669,0.2619047619047619,29.0,0.0,11.379310344827587,999.0,999.0,0.10344827586206896,0.0,0.0,0.0,Bowler,0.2173115196077539,-0.29140269664567786,0.5342681180176923,0.05205735523850885,-0.23978322770605456,-0.08817103318224043,-0.39966380939214646,0.0,140.0,84.0,166.66666666666669,0.0,29.0,11.379310344827587,-0.23978322770605456,0.1,-0.26376155047666006,True
AN Ahmed,27.0,36.0,4.0,1.0,1.0,0.0,36.0,36.0,133.33333333333331,0.18518518518518517,362.0,15.0,8.535911602209945,34.333333333333336,24.133333333333333,0.3314917127071823,3.0,9.0,0.0,Bowler,-0.0612732811840067,0.0,0.0,-0.12935470472179192,-0.2668711496289244,-0.10515869771013607,-0.008966766232894075,-0.17486207930155093,22.0,21.0,104.76190476190477,10.0,197.0,8.101522842639593,-0.2668711496289244,0.0,-0.2668711496289244,False
MG Johnson,168.0,167.0,10.0,7.0,14.0,0.0,157.0,11.928571428571429,99.40476190476191,0.10119047619047619,1297.0,64.0,8.021588280647649,27.09375,20.265625,0.4109483423284503,26.0,30.0,0.0,All-rounder,-0.2244000965353315,0.0,-0.004432456758726177,-0.260039085586486,-0.32846428074099465,0.3247871974331501,-0.8170041071012281,0.15615515134633554,59.0,54.0,109.25925925925925,33.0,528.0,7.0227272727272725,-0.2764321886381631,0.0,-0.2764321886381631,False
SA Yadav,2521.0,3594.0,385.0,130.0,111.0,859.0,694.0,32.37837837837838,142.5624752082507,0.2042840142800476,6.0,0.0,8.0,999.0,999.0,0.3333333333333333,0.0,0.0,0.0,Batsman,-0.2628247296457005,-2.3834158651669237,1.6523594929032255,0.46510401790979805,0.002819338131273465,0.01691602878764079,0.0,0.0,2986.0,2047.0,145.87200781631654,0.0,0.0,0.0,-0.2628247296457005,0.1,-0.28910720261027056,True
Rasikh Salam,40.0,40.0,5.0,0.0,5.0,0.0,29.0,8.0,100.0,0.125,207.0,9.0,9.884057971014492,37.888888888888886,23.0,0.27053140096618356,0.0,3.0,0.0,Bowler,0.1625421965450003,0.0,0.08116508105832196,0.20328376289542857,-0.2972813535493103,-0.13687122512609287,-0.19508656243542058,-0.008407820125378074,5.0,4.0,125.0,0.0,27.0,9.333333333333334,-0.2972813535493103,0.0,-0.2972813535493103,False
BCJ Cutting,146.0,238.0,15.0,19.0,11.0,0.0,216.0,21.636363636363637,163.013698630137,0.2328767123287671,288.0,12.0,8.958333333333334,35.833333333333336,24.0,0.2673611111111111,0.0,3.0,0.0,Bowler,-0.19513288520516844,0.0,-0.3373540477892877,0.10212536425429009,-0.29876504274797705,-0.1923622651425161,-0.3595739110767952,0.22204977485175328,114.0,76.0,150.0,3.0,117.0,10.051282051282051,-0.29876504274797705,0.0,-0.29876504274797705,False
KT Maphaka,0.0,0.0,0.0,0.0,0.0,0.0,0.0,0.0,0.0,0.0,39.0,1.0,13.846153846153847,90.0,39.0,0.28205128205128205,1.0,0.0,0.0,Bowler,0.0,0.0,0.0,0.0,-0.2720781185626418,-0.4941084608343758,0.0017386069371966946,0.011000874901735885,0.0,0.0,0.0,1.0,39.0,13.846153846153847,-0.2720781185626418,0.1,-0.299285930418906,True
RR Raje,18.0,20.0,1.0,1.0,1.0,0.0,20.0,20.0,111.11111111111111,0.1111111111111111,144.0,7.0,8.916666666666666,30.571428571428573,20.571428571428573,0.2708333333333333,0.0,1.0,0.0,Bowler,-0.05129054192335025,0.0,0.0,-0.13677477846226735,-0.3398392405440812,-0.044202566752838304,-0.42079504856394084,0.05435853299268097,20.0,18.0,111.11111111111111,7.0,144.0,8.916666666666666,-0.3398392405440812,0.0,-0.3398392405440812,False
RT Ponting,129.0,91.0,5.0,2.0,8.0,45.0,0.0,11.375,70.54263565891473,0.05426356589147287,0.0,0.0,99.0,0.0,0.0,0.0,0.0,0.0,0.0,Wicketkeeper,-0.7557224076892645,-0.9835363720628105,0.0520645672365078,0.0,0.0,0.0,0.0,0.0,52.0,76.0,68.42105263157895,0.0,0.0,0.0,-0.37786120384463223,0.0,-0.37786120384463223,False
R Shepherd,68.0,115.0,7.0,10.0,6.0,0.0,91.0,19.166666666666668,169.11764705882354,0.25,133.0,6.0,11.729323308270676,43.333333333333336,22.166666666666668,0.2857142857142857,2.0,3.0,0.0,Bowler,-0.24547033466021886,0.0,-0.08556970189571145,-0.2681963686440158,-0.34550462812649885,0.025244497300758624,-0.5576017748561733,0.1089192746635402,57.0,24.0,237.5,2.0,76.0,12.789473684210527,-0.34550462812649885,0.1,-0.38005509093914874,True
AS Roy,24.0,26.0,3.0,0.0,3.0,4.0,22.0,8.666666666666666,108.33333333333333,0.125,142.0,6.0,8.070422535211268,31.833333333333332,23.666666666666668,0.3380281690140845,1.0,1.0,0.0,Bowler,-0.20731363104627346,-0.08243887654985468,-0.2153200235763818,-0.16869676972787873,-0.4217416968176361,-0.12329137835687021,-0.39076566159859766,0.003214984655232527,0.0,0.0,0.0,1.0,15.0,4.4,-0.4217416968176361,0.0,-0.4217416968176361,False
R McLaren,178.0,159.0,14.0,1.0,8.0,12.0,69.0,19.875,89.32584269662921,0.08426966292134831,372.0,14.0,9.0,39.857142857142854,26.571428571428573,0.3118279569892473,4.0,7.0,0.0,All-rounder,-0.18868353941961005,-0.05724337844208177,-0.15369136597474342,-0.009549391534179837,-0.6658266219284004,-0.12657681695610368,-0.19427464322406135,-0.3986708570650418,66.0,71.0,92.95774647887323,5.0,215.0,7.841860465116278,-0.4272550806740052,0.0,-0.4272550806740052,False
CJ Anderson,436.0,538.0,40.0,31.0,22.0,52.0,175.0,24.454545454545453,123.39449541284404,0.1628440366972477,315.0,14.0,10.0,37.5,22.5,0.2507936507936508,2.0,7.0,0.0,All-rounder,0.1933660787655055,-0.16878439886430177,0.648565775238841,-0.2731102921893888,-1.0551519063363781,-0.24620521625980749,-0.09173345144458758,-0.817703896378305,379.0,284.0,133.45070422535213,5.0,138.0,9.608695652173912,-0.4308929137854363,0.0,-0.4308929137854363,False
M Ashwin,50.0,35.0,2.0,1.0,8.0,0.0,30.0,4.375,70.0,0.06,898.0,35.0,7.8975501113585755,33.77142857142857,25.65714285714286,0.3151447661469933,2.0,7.0,0.0,Bowler,-0.5064043030006891,0.0,-0.2630806532338573,-0.5471662315672451,-0.4814582021606552,-0.18682772041258705,-0.46473156658184694,0.1540167350956723,12.0,14.0,85.71428571428571,9.0,179.0,7.810055865921788,-0.4814582021606552,0.1,-0.5296040223767208,True
HR Shokeen,67.0,66.0,9.0,0.0,3.0,1.0,23.0,22.0,98.50746268656717,0.13432835820895522,213.0,5.0,9.014084507042254,64.0,42.6,0.36619718309859156,2.0,1.0,0.0,Bowler,0.0953891887697639,0.026333233753203518,0.08940352159324998,0.022364010484398726,-0.5025122240217753,-0.15688843478724337,-0.33100624503739046,-0.08539391377767327,66.0,67.0,98.50746268656717,5.0,213.0,9.014084507042254,-0.5025122240217753,0.1,-0.5527634464239529,True
RP Meredith,3.0,0.0,0.0,0.0,1.0,0.0,0.0,0.0,0.0,0.0,415.0,21.0,8.978313253012047,29.571428571428573,19.761904761904763,0.3542168674698795,2.0,14.0,0.0,Bowler,0.0006414920242301862,0.0,0.0,0.00705641226653205,-0.502811564151495,-0.2557337229176885,-0.27367044620514563,-0.009755218943226786,0.0,3.0,0.0,17.0,307.0,8.794788273615636,-0.502811564151495,0.1,-0.5530927205666445,True
J Suchith,62.0,70.0,6.0,3.0,4.0,0.0,56.0,17.5,112.90322580645163,0.14516129032258066,434.0,20.0,8.350230414746544,30.2,21.7,0.3225806451612903,3.0,1.0,0.0,Bowler,0.14143497880099656,0.0,-0.0651534928010215,0.27502475166701634,-0.5967762920449782,-0.1129051483165622,-0.5029712382328188,-0.022151722918061043,48.0,33.0,145.45454545454547,10.0,253.0,8.75098814229249,-0.5967762920449782,0.0,-0.5967762920449782,False
AT Rayudu,3490.0,4348.0,359.0,173.0,152.0,777.0,1179.0,28.605263157894736,124.58452722063038,0.1524355300859599,0.0,0.0,99.0,0.0,0.0,0.0,0.0,0.0,2.0,Batsman,-0.6560678402473898,-3.1402217953823497,1.9444857601376613,0.5340286433619342,0.0,0.0,0.0,0.0,2416.0,1964.0,123.0142566191446,0.0,0.0,0.0,-0.6560678402473898,0.0,-0.6560678402473898,False
DR Sams,48.0,44.0,1.0,3.0,10.0,1.0,27.0,4.4,91.66666666666666,0.08333333333333333,389.0,15.0,8.143958868894602,35.2,25.933333333333334,0.36503856041131105,8.0,2.0,0.0,Bowler,-0.35202917135220957,0.045678406608347495,-0.1593252242028663,-0.4584005858528217,-0.6373647666703164,-0.11741168155094646,-0.013303245359514278,-0.5558039348758183,38.0,40.0,95.0,14.0,274.0,8.211678832116789,-0.6373647666703164,0.1,-0.7011012433373481,True
AM Rahane,3858.0,4642.0,479.0,103.0,156.0,2319.0,509.0,29.756410256410255,120.32141005702437,0.15085536547433903,6.0,1.0,5.0,5.0,6.0,0.3333333333333333,0.0,0.0,0.0,Batsman,-0.7111922599979348,-0.23868255371435976,-0.25881856377512136,-0.21922140891590258,-0.004230555603527487,0.0,-0.025383333621164926,0.0,148.0,147.0,100.68027210884354,1.0,6.0,5.0,-0.7111922599979348,0.0,-0.7111922599979348,False
N Thushara,0.0,0.0,0.0,0.0,0.0,0.0,0.0,0.0,0.0,0.0,172.0,8.0,9.034883720930232,32.375,21.5,0.28488372093023256,6.0,2.0,0.0,Bowler,0.0,0.0,0.0,0.0,-0.6762790494058012,-0.25586906602941284,-0.33431495604409056,-0.20405067548447237,0.0,0.0,0.0,8.0,172.0,9.034883720930232,-0.6762790494058012,0.1,-0.7439069543463813,True
AS Joseph,32.0,27.0,3.0,0.0,1.0,0.0,24.0,27.0,84.375,0.09375,454.0,22.0,9.343612334801762,32.13636363636363,20.636363636363637,0.3568281938325991,2.0,13.0,0.0,Bowler,-0.1026064449922615,0.0,-0.003970613411730309,-0.19482937376077636,-0.7447845358223576,-0.26488747362951576,-0.5427649573954962,0.013653058033776096,15.0,13.0,115.38461538461537,6.0,55.0,9.709090909090909,-0.7447845358223576,0.0,-0.7447845358223576,False
C Green,472.0,707.0,62.0,32.0,20.0,196.0,204.0,35.35,149.78813559322032,0.19915254237288135,462.0,20.0,8.766233766233766,33.75,23.1,0.3225108225108225,3.0,5.0,0.0,All-rounder,-0.30404945127184396,-0.7996200430764733,0.09644524451549343,0.3798001703015187,-1.0519183999802744,-0.3469087507301501,0.06624351871887252,-0.8395595575781055,452.0,287.0,157.49128919860627,8.0,239.0,9.288702928870292,-0.6779839256260591,0.1,-0.7457823181886651,True
M Markande,44.0,48.0,5.0,1.0,3.0,0.0,48.0,16.0,109.09090909090908,0.13636363636363635,737.0,37.0,8.800542740841248,29.216216216216218,19.91891891891892,0.28493894165535955,0.0,3.0,0.0,Bowler,-0.3564137419398576,0.0,-0.09752520746190041,-0.5018979039824055,-0.6852130266600017,0.0,-0.23331620387303664,-0.4797888048762459,27.0,30.0,90.0,17.0,347.0,8.576368876080691,-0.6852130266600017,0.1,-0.7537343293260019,True
JP Duminy,1680.0,2029.0,126.0,79.0,49.0,235.0,882.0,41.40816326530612,120.77380952380952,0.12202380952380952,701.0,23.0,7.249643366619116,36.82608695652174,30.47826086956522,0.3338088445078459,3.0,3.0,0.0,All-rounder,-2.3931069185718075,-1.023668412798121,-1.4333341551314014,0.02116159724036118,0.8578893039776551,-0.2329487985947201,0.46718032626064254,0.6603720118599916,565.0,514.0,109.92217898832686,5.0,158.0,6.417721518987342,-0.7676088072970761,0.0,-0.7676088072970761,False
JDS Neesham,93.0,92.0,6.0,2.0,8.0,0.0,42.0,11.5,98.9247311827957,0.08602150537634409,222.0,8.0,9.243243243243244,42.75,27.75,0.28378378378378377,1.0,0.0,0.0,Bowler,-0.3975717733397342,0.0,-0.31372357563883957,-0.21209715684274438,-0.7451214729359966,-0.2200735438815831,-0.4881078367519186,-0.13763218323979173,0.0,2.0,0.0,5.0,54.0,7.555555555555555,-0.7451214729359966,0.1,-0.8196336202295963,True
DS Kulkarni,113.0,104.0,7.0,2.0,9.0,0.0,99.0,11.555555555555555,92.03539823008849,0.07964601769911504,1876.0,91.0,8.03731343283582,27.615384615384617,20.615384615384617,0.39552238805970147,46.0,24.0,0.0,Bowler,-0.5199794589899961,0.0,-0.07952007845286373,-0.5785070245167773,-0.7817923331423917,0.23866959629911852,0.38442275635468437,-1.4173866953880239,26.0,46.0,56.52173913043478,39.0,722.0,7.761772853185596,-0.7817923331423917,0.1,-0.859971566456631,True
SS Tiwary,1291.0,1494.0,111.0,50.0,50.0,169.0,454.0,29.88,115.72424477149497,0.12470952749806352,0.0,0.0,99.0,0.0,0.0,0.0,0.0,0.0,0.0,Batsman,-0.8067668305113328,0.09862781139222607,-0.309377984082583,-0.6147641442000155,0.0,0.0,0.0,0.0,728.0,577.0,126.16984402079723,0.0,0.0,0.0,-0.8067668305113328,0.1,-0.8874435135624662,True
TH David,417.0,659.0,38.0,46.0,23.0,0.0,540.0,28.652173913043477,158.0335731414868,0.2014388489208633,0.0,0.0,99.0,0.0,0.0,0.0,0.0,0.0,0.0,Batsman,-0.8070316740308264,0.0,-1.0509934748168717,0.18590196812195697,0.0,0.0,0.0,0.0,658.0,414.0,158.93719806763283,0.0,0.0,0.0,-0.8070316740308264,0.1,-0.8877348414339091,True
HH Gibbs,837.0,886.0,83.0,31.0,32.0,447.0,72.0,27.6875,105.8542413381123,0.13620071684587814,0.0,0.0,99.0,0.0,0.0,0.0,0.0,0.0,0.0,Batsman,-0.9133473101989806,-0.16746483478821123,-0.9141377841115692,0.13551884596965358,0.0,0.0,0.0,0.0,81.0,91.0,89.01098901098901,0.0,0.0,0.0,-0.9133473101989806,0.0,-0.9133473101989806,False
RG Sharma,5180.0,6628.0,599.0,281.0,232.0,2135.0,1513.0,28.56896551724138,127.95366795366796,0.16988416988416988,349.0,16.0,7.9426934097421205,28.875,21.8125,0.2521489971346705,2.0,7.0,0.0,All-rounder,-2.206880051736975,-2.6741504635370634,-1.8227291167936956,2.2772183699929904,0.5302521930836758,0.2915384059801191,0.08127727840111981,0.20301692644601935,5458.0,4271.0,127.79208616249123,1.0,65.0,10.523076923076923,-0.8383139293266497,0.1,-0.9221453222593148,True
UBT Chand,314.0,300.0,32.0,9.0,20.0,120.0,30.0,15.0,95.54140127388536,0.1305732484076433,0.0,0.0,99.0,0.0,0.0,0.0,0.0,0.0,0.0,Batsman,-0.9712906733974275,-1.0862060295170923,-0.01685707317875046,0.038973957317769516,0.0,0.0,0.0,0.0,102.0,94.0,108.51063829787233,0.0,0.0,0.0,-0.9712906733974275,0.0,-0.9712906733974275,False
R Vinay Kumar,289.0,310.0,21.0,9.0,26.0,0.0,262.0,11.923076923076923,107.26643598615917,0.10380622837370242,2179.0,127.0,8.318494722349701,23.787401574803148,17.15748031496063,0.35016062413951354,33.0,62.0,0.0,All-rounder,-1.4574484246980342,0.0,-0.0398853780857201,-1.568855270629411,-0.5824683627437394,-0.09685053189786079,-0.7879877875502003,0.29435065845635827,13.0,14.0,92.85714285714286,15.0,342.0,8.192982456140351,-1.0199583937208867,0.0,-1.0199583937208867,False
HH Pandya,1808.0,2525.0,189.0,136.0,89.0,160.0,1290.0,28.370786516853933,139.6570796460177,0.17975663716814158,1485.0,70.0,8.872727272727273,31.37142857142857,21.214285714285715,0.3239057239057239,13.0,30.0,0.0,All-rounder,0.47958856983479353,-0.6651545838111437,-0.9611436589710494,2.1138445875589356,-2.3347287682758444,-0.4004931320965472,-0.7715234662180414,-1.2098784077042022,1692.0,1167.0,144.98714652956298,58.0,1140.0,9.1,-0.9275700992205255,0.1,-1.020327109142578,True
PP Chawla,580.0,624.0,56.0,20.0,57.0,15.0,453.0,10.947368421052632,107.58620689655172,0.1310344827586207,3895.0,201.0,7.977920410783056,25.766169154228855,19.378109452736318,0.34017971758664955,21.0,41.0,0.0,All-rounder,-1.9838635189088678,0.009181351175755817,-0.23240708220066483,-1.8632514181723485,-0.3095253452087111,0.38575115268299875,-1.7659480766100923,1.0682875580877633,40.0,39.0,102.56410256410255,37.0,610.0,8.350819672131147,-1.1466944320587895,0.1,-1.2613638752646685,True
CJ Jordan,81.0,81.0,3.0,3.0,9.0,0.0,80.0,9.0,100.0,0.07407407407407407,709.0,35.0,9.30888575458392,31.428571428571427,20.257142857142856,0.28913963328631875,5.0,18.0,0.0,Bowler,-0.41318480574630273,0.0,-0.1556731107162405,-0.41054310456572995,-1.3270340134040237,-0.7131348420784199,-0.47653755414747867,-0.1935125627382389,6.0,13.0,46.15384615384615,3.0,140.0,10.32857142857143,-1.3270340134040237,0.1,-1.4597374147444262,True
NM Coulter-Nile,75.0,82.0,7.0,4.0,10.0,0.0,73.0,8.2,109.33333333333333,0.14666666666666667,892.0,52.0,7.567264573991032,21.634615384615383,17.153846153846153,0.4125560538116592,15.0,26.0,0.0,Bowler,0.1292493883242404,0.0,-0.04907092548819445,0.23002006914213102,-1.3944052305796704,-1.166498084130112,-0.05856189771723283,-0.21624228563522907,38.0,26.0,146.15384615384613,14.0,311.0,7.061093247588424,-1.3944052305796704,0.1,-1.5338457536376375,True
MM Patel,41.0,39.0,5.0,0.0,5.0,0.0,39.0,7.8,95.1219512195122,0.12195121951219512,1382.0,82.0,7.523878437047757,21.134146341463413,16.853658536585368,0.426917510853835,30.0,28.0,0.0,Bowler,0.05273486957075148,0.0,-0.0015811973860542024,0.09290255688662383,-1.5779114117422905,-1.6218466557337232,0.7792817274583723,-0.7695992637507812,2.0,8.0,25.0,42.0,708.0,7.533898305084746,-1.5779114117422905,0.0,-1.5779114117422905,False
Yuvraj Singh,2205.0,2750.0,217.0,149.0,109.0,189.0,906.0,25.229357798165136,124.71655328798185,0.16598639455782313,882.0,39.0,7.421768707482993,27.974358974358974,22.615384615384617,0.2925170068027211,0.0,6.0,0.0,All-rounder,-3.265295940937627,-0.8975667722529052,-2.555246730132087,0.1430917663325676,-0.08068215566661814,0.0,-0.18435980959067097,0.10093336291498411,98.0,83.0,118.07228915662651,0.0,0.0,0.0,-1.6729890483021226,0.0,-1.6729890483021226,False
Basil Thampi,37.0,32.0,1.0,1.0,2.0,0.0,29.0,16.0,86.48648648648648,0.05405405405405406,539.0,26.0,9.595547309833025,33.15384615384615,20.73076923076923,0.2820037105751391,2.0,16.0,0.0,Bowler,-0.19536349350552423,0.0,-0.1263587105017483,-0.22740761557582265,-1.5677772728441113,-1.3145155212556539,0.3298468514918584,-0.6703689336653313,0.0,0.0,0.0,5.0,102.0,9.294117647058824,-1.5677772728441113,0.1,-1.7245550001285226,True
JD Unadkat,170.0,197.0,16.0,7.0,14.0,0.0,174.0,14.071428571428571,115.88235294117648,0.13529411764705881,2194.0,109.0,8.803099361896079,29.53211009174312,20.128440366972477,0.31175934366453967,25.0,55.0,0.0,All-rounder,-0.18337100784154908,0.0,0.024001599978783,-0.239732197439429,-3.1325722852485915,-1.253442709528579,-0.6476646931920721,-1.2742985965468365,59.0,37.0,159.45945945945945,7.0,123.0,9.317073170731707,-1.6579716465450702,0.1,-1.8237688111995773,True
M Jansen,71.0,66.0,5.0,2.0,8.0,0.0,43.0,8.25,92.95774647887323,0.09859154929577464,487.0,22.0,9.018480492813142,33.27272727272727,22.136363636363637,0.3613963039014374,14.0,2.0,0.0,Bowler,-0.8578316746704598,0.0,-0.26290021952304865,-0.957395543036338,-1.7193920597451164,-0.9676097342465897,-0.17044877973316352,-0.6872509211090048,0.0,4.0,0.0,3.0,40.0,7.05,-1.7193920597451164,0.1,-1.8913312657196282,True
P Kumar,323.0,340.0,22.0,17.0,34.0,6.0,294.0,10.0,105.26315789473684,0.12074303405572756,2637.0,102.0,7.604095563139932,32.76470588235294,25.852941176470587,0.4076602199469094,44.0,43.0,0.0,All-rounder,-0.4700951529425089,-0.18134814433564914,-0.12963766895788306,-0.20277142815756885,-4.59719309906482,-2.8115249432243563,0.06714987675626982,-1.9051182953847299,1.0,2.0,50.0,4.0,73.0,6.657534246575342,-2.5336441260036646,0.0,-2.5336441260036646,False
RP Singh,78.0,52.0,2.0,1.0,15.0,0.0,50.0,3.466666666666667,66.66666666666666,0.038461538461538464,1874.0,100.0,7.738527214514408,24.17,18.74,0.39701173959445035,35.0,55.0,0.0,Bowler,-1.1495446177420343,0.0,-0.01741723704696009,-1.574259925980472,-2.7250732043292167,-1.6880967603873824,-1.0541827489306386,-0.026418132647202153,6.0,12.0,50.0,11.0,260.0,7.569230769230769,-2.7250732043292167,0.0,-2.7250732043292167,False
MK Pandey,3284.0,3850.0,335.0,110.0,132.0,1124.0,673.0,29.166666666666668,117.23507917174179,0.13550548112058466,0.0,0.0,99.0,0.0,0.0,0.0,0.0,0.0,0.0,Batsman,-5.469920520639051,-3.654762780978953,-0.3146716593537622,-1.550454903576487,0.0,0.0,0.0,0.0,3.0,10.0,30.0,0.0,0.0,0.0,-5.469920520639051,0.0,-5.469920520639051,False
